{
  "project_info": {
    "project_number": "33364674413",
    "project_id": "zakrepim-21b25",
    "storage_bucket": "zakrepim-21b25.appspot.com"
  },
  "client": [
    {
      "client_info": {
        "mobilesdk_app_id": "1:33364674413:android:06bb513975c3251545bc64",
        "android_client_info": {
          "package_name": "com.example.education"
        }
      },
      "oauth_client": [
        {
          "client_id": "33364674413-eglr3nmgtun49b19nsff1iquvscs9v63.apps.googleusercontent.com",
          "client_type": 3
        }
      ],
      "api_key": [
        {
          "current_key": "AIzaSyACymBRiuO_272tx9q8yWL5UzxZ-c3gqTI"
        }
      ],
      "services": {
        "appinvite_service": {
          "other_platform_oauth_client": [
            {
              "client_id": "33364674413-eglr3nmgtun49b19nsff1iquvscs9v63.apps.googleusercontent.com",
              "client_type": 3
            }
          ]
        }
      }
    }
  ],
  "configuration_version": "1"
}